total-water-withdrawal-per-capita,Afghanistan,m^3/year,1975,819.5
total-water-withdrawal-per-capita,Afghanistan,m^3/year,1985,2303
total-water-withdrawal-per-capita,Afghanistan,m^3/year,2000,943.8
total-water-withdrawal-per-capita,Albania,m^3/year,1990,370.3
total-water-withdrawal-per-capita,Albania,m^3/year,2000,588.5
total-water-withdrawal-per-capita,Albania,m^3/year,2005,435.4
total-water-withdrawal-per-capita,Algeria,m^3/year,1970,130.1
total-water-withdrawal-per-capita,Algeria,m^3/year,1975,141.3
total-water-withdrawal-per-capita,Algeria,m^3/year,1980,145.8
total-water-withdrawal-per-capita,Algeria,m^3/year,1985,146.3
total-water-withdrawal-per-capita,Algeria,m^3/year,1990,165.6
total-water-withdrawal-per-capita,Algeria,m^3/year,2000,178.9
total-water-withdrawal-per-capita,Algeria,m^3/year,2010,225
total-water-withdrawal-per-capita,Angola,m^3/year,1985,46.67
total-water-withdrawal-per-capita,Angola,m^3/year,2000,39.76
total-water-withdrawal-per-capita,Angola,m^3/year,2005,36.79
total-water-withdrawal-per-capita,Antigua and Barbuda,m^3/year,1990,78.83
total-water-withdrawal-per-capita,Antigua and Barbuda,m^3/year,2005,99.53
total-water-withdrawal-per-capita,Antigua and Barbuda,m^3/year,2010,129.1
total-water-withdrawal-per-capita,Argentina,m^3/year,1975,1027
total-water-withdrawal-per-capita,Argentina,m^3/year,1995,797.6
total-water-withdrawal-per-capita,Argentina,m^3/year,2010,897.5
total-water-withdrawal-per-capita,Armenia,m^3/year,1995,932.1
total-water-withdrawal-per-capita,Armenia,m^3/year,2000,568.8
total-water-withdrawal-per-capita,Armenia,m^3/year,2005,956.5
total-water-withdrawal-per-capita,Armenia,m^3/year,2010,987.6
total-water-withdrawal-per-capita,Armenia,m^3/year,2015,1084
total-water-withdrawal-per-capita,Australia,m^3/year,1995,1199
total-water-withdrawal-per-capita,Australia,m^3/year,2000,1112
total-water-withdrawal-per-capita,Australia,m^3/year,2005,894.4
total-water-withdrawal-per-capita,Australia,m^3/year,2010,699.2
total-water-withdrawal-per-capita,Australia,m^3/year,2015,724.7
total-water-withdrawal-per-capita,Austria,m^3/year,1980,440.4
total-water-withdrawal-per-capita,Austria,m^3/year,1985,469.6
total-water-withdrawal-per-capita,Austria,m^3/year,1990,487.3
total-water-withdrawal-per-capita,Austria,m^3/year,1995,454.6
total-water-withdrawal-per-capita,Austria,m^3/year,2000,452
total-water-withdrawal-per-capita,Austria,m^3/year,2010,413
total-water-withdrawal-per-capita,Azerbaijan,m^3/year,1995,1579
total-water-withdrawal-per-capita,Azerbaijan,m^3/year,2000,1216
total-water-withdrawal-per-capita,Azerbaijan,m^3/year,2005,1393
total-water-withdrawal-per-capita,Azerbaijan,m^3/year,2010,1279
total-water-withdrawal-per-capita,Bahrain,m^3/year,1990,457.2
total-water-withdrawal-per-capita,Bahrain,m^3/year,2005,348
total-water-withdrawal-per-capita,Bangladesh,m^3/year,2010,231
total-water-withdrawal-per-capita,Barbados,m^3/year,1960,129
total-water-withdrawal-per-capita,Barbados,m^3/year,1995,303.5
total-water-withdrawal-per-capita,Barbados,m^3/year,2005,293.3
total-water-withdrawal-per-capita,Belarus,m^3/year,1995,196.2
total-water-withdrawal-per-capita,Belarus,m^3/year,2000,187
total-water-withdrawal-per-capita,Belarus,m^3/year,2005,178.5
total-water-withdrawal-per-capita,Belarus,m^3/year,2010,163.1
total-water-withdrawal-per-capita,Belarus,m^3/year,2015,159.4
total-water-withdrawal-per-capita,Belgium,m^3/year,1980,919.5
total-water-withdrawal-per-capita,Belgium,m^3/year,1995,754.4
total-water-withdrawal-per-capita,Belgium,m^3/year,2000,650.1
total-water-withdrawal-per-capita,Belgium,m^3/year,2005,580.8
total-water-withdrawal-per-capita,Belgium,m^3/year,2010,542
total-water-withdrawal-per-capita,Belize,m^3/year,1985,114.7
total-water-withdrawal-per-capita,Belize,m^3/year,2000,385.2
total-water-withdrawal-per-capita,Benin,m^3/year,1985,24.2
total-water-withdrawal-per-capita,Benin,m^3/year,2000,17.53
total-water-withdrawal-per-capita,Bhutan,m^3/year,2010,454.5
total-water-withdrawal-per-capita,Bolivia,m^3/year,1985,191.8
total-water-withdrawal-per-capita,Bolivia,m^3/year,2010,203.9
total-water-withdrawal-per-capita,Bosnia and Herzegovina,m^3/year,2005,87.01
total-water-withdrawal-per-capita,Bosnia and Herzegovina,m^3/year,2010,85.95
total-water-withdrawal-per-capita,Bosnia and Herzegovina,m^3/year,2015,86.06
total-water-withdrawal-per-capita,Botswana,m^3/year,1985,71.37
total-water-withdrawal-per-capita,Botswana,m^3/year,1990,77.4
total-water-withdrawal-per-capita,Botswana,m^3/year,1995,87.12
total-water-withdrawal-per-capita,Botswana,m^3/year,2000,108.6
total-water-withdrawal-per-capita,Brazil,m^3/year,1985,246
total-water-withdrawal-per-capita,Brazil,m^3/year,1995,326.8
total-water-withdrawal-per-capita,Brazil,m^3/year,2005,301.2
total-water-withdrawal-per-capita,Brazil,m^3/year,2010,369.7
total-water-withdrawal-per-capita,Brunei,m^3/year,1990,279.4
total-water-withdrawal-per-capita,Brunei,m^3/year,1995,297
total-water-withdrawal-per-capita,Bulgaria,m^3/year,1980,1590
total-water-withdrawal-per-capita,Bulgaria,m^3/year,1985,1575
total-water-withdrawal-per-capita,Bulgaria,m^3/year,1990,866
total-water-withdrawal-per-capita,Bulgaria,m^3/year,2000,837.3
total-water-withdrawal-per-capita,Bulgaria,m^3/year,2005,819.5
total-water-withdrawal-per-capita,Bulgaria,m^3/year,2010,782.4
total-water-withdrawal-per-capita,Bulgaria,m^3/year,2015,787.3
total-water-withdrawal-per-capita,Burkina Faso,m^3/year,1985,35.63
total-water-withdrawal-per-capita,Burkina Faso,m^3/year,1990,40.44
total-water-withdrawal-per-capita,Burkina Faso,m^3/year,2000,58.23
total-water-withdrawal-per-capita,Burkina Faso,m^3/year,2005,57.35
total-water-withdrawal-per-capita,Burundi,m^3/year,1985,19.57
total-water-withdrawal-per-capita,Burundi,m^3/year,2000,40.22
total-water-withdrawal-per-capita,Cambodia,m^3/year,2005,159.1
total-water-withdrawal-per-capita,Cameroon,m^3/year,1985,35.9
total-water-withdrawal-per-capita,Cameroon,m^3/year,1990,31.26
total-water-withdrawal-per-capita,Cameroon,m^3/year,2000,57.6
total-water-withdrawal-per-capita,Canada,m^3/year,1985,1590
total-water-withdrawal-per-capita,Canada,m^3/year,1990,1590
total-water-withdrawal-per-capita,Canada,m^3/year,1995,1413
total-water-withdrawal-per-capita,Canada,m^3/year,2005,1253
total-water-withdrawal-per-capita,Canada,m^3/year,2010,1113
total-water-withdrawal-per-capita,Cape Verde,m^3/year,1990,71.62
total-water-withdrawal-per-capita,Cape Verde,m^3/year,2000,48.31
total-water-withdrawal-per-capita,Central African Republic,m^3/year,1985,7.052
total-water-withdrawal-per-capita,Central African Republic,m^3/year,2000,17.15
total-water-withdrawal-per-capita,Central African Republic,m^3/year,2005,17.25
total-water-withdrawal-per-capita,Chad,m^3/year,1985,33.46
total-water-withdrawal-per-capita,Chad,m^3/year,2000,94.33
total-water-withdrawal-per-capita,Chad,m^3/year,2005,81.6
total-water-withdrawal-per-capita,Chile,m^3/year,1990,1496
total-water-withdrawal-per-capita,Chile,m^3/year,2005,2152
total-water-withdrawal-per-capita,China,m^3/year,1980,431.1
total-water-withdrawal-per-capita,China,m^3/year,1985,430.2
total-water-withdrawal-per-capita,China,m^3/year,1990,411.4
total-water-withdrawal-per-capita,China,m^3/year,1995,411.9
total-water-withdrawal-per-capita,China,m^3/year,2000,418.4
total-water-withdrawal-per-capita,China,m^3/year,2005,423.2
total-water-withdrawal-per-capita,China,m^3/year,2010,435.2
total-water-withdrawal-per-capita,China,m^3/year,2015,425
total-water-withdrawal-per-capita,Colombia,m^3/year,2000,186.3
total-water-withdrawal-per-capita,Colombia,m^3/year,2010,251.1
total-water-withdrawal-per-capita,Comoros,m^3/year,2000,17.38
total-water-withdrawal-per-capita,Congo,m^3/year,1985,18.17
total-water-withdrawal-per-capita,Congo,m^3/year,2000,14.12
total-water-withdrawal-per-capita,Costa Rica,m^3/year,2015,488.8
total-water-withdrawal-per-capita,Cote d'Ivoire,m^3/year,1985,64.81
total-water-withdrawal-per-capita,Cote d'Ivoire,m^3/year,1990,84.31
total-water-withdrawal-per-capita,Cote d'Ivoire,m^3/year,1995,80.54
total-water-withdrawal-per-capita,Cote d'Ivoire,m^3/year,2000,81.99
total-water-withdrawal-per-capita,Cote d'Ivoire,m^3/year,2005,82.12
total-water-withdrawal-per-capita,Croatia,m^3/year,2010,156.1
total-water-withdrawal-per-capita,Croatia,m^3/year,2015,149.5
total-water-withdrawal-per-capita,Cuba,m^3/year,1995,473.7
total-water-withdrawal-per-capita,Cuba,m^3/year,2005,437.5
total-water-withdrawal-per-capita,Cuba,m^3/year,2015,611
total-water-withdrawal-per-capita,Cyprus,m^3/year,1975,232.9
total-water-withdrawal-per-capita,Cyprus,m^3/year,1980,255.9
total-water-withdrawal-per-capita,Cyprus,m^3/year,1985,276.5
total-water-withdrawal-per-capita,Cyprus,m^3/year,1990,282.3
total-water-withdrawal-per-capita,Cyprus,m^3/year,1995,236.9
total-water-withdrawal-per-capita,Cyprus,m^3/year,2000,214.5
total-water-withdrawal-per-capita,Cyprus,m^3/year,2005,203.8
total-water-withdrawal-per-capita,Cyprus,m^3/year,2010,226.6
total-water-withdrawal-per-capita,Cyprus,m^3/year,2015,219.1
total-water-withdrawal-per-capita,Czechia,m^3/year,1995,241.7
total-water-withdrawal-per-capita,Czechia,m^3/year,2000,186.6
total-water-withdrawal-per-capita,Czechia,m^3/year,2005,190.6
total-water-withdrawal-per-capita,Czechia,m^3/year,2010,174.6
total-water-withdrawal-per-capita,Czechia,m^3/year,2015,156.5
total-water-withdrawal-per-capita,Democratic Republic of Congo,m^3/year,2000,11.46
total-water-withdrawal-per-capita,Democratic Republic of Congo,m^3/year,2005,11.42
total-water-withdrawal-per-capita,Denmark,m^3/year,1970,144.3
total-water-withdrawal-per-capita,Denmark,m^3/year,1975,236.5
total-water-withdrawal-per-capita,Denmark,m^3/year,1980,235.2
total-water-withdrawal-per-capita,Denmark,m^3/year,1985,333.3
total-water-withdrawal-per-capita,Denmark,m^3/year,1990,243.9
total-water-withdrawal-per-capita,Denmark,m^3/year,1995,176.7
total-water-withdrawal-per-capita,Denmark,m^3/year,2000,124.4
total-water-withdrawal-per-capita,Denmark,m^3/year,2005,104.4
total-water-withdrawal-per-capita,Denmark,m^3/year,2010,116.4
total-water-withdrawal-per-capita,Djibouti,m^3/year,1985,16.47
total-water-withdrawal-per-capita,Djibouti,m^3/year,2000,25.49
total-water-withdrawal-per-capita,Dominica,m^3/year,1995,234.6
total-water-withdrawal-per-capita,Dominica,m^3/year,2000,237.8
total-water-withdrawal-per-capita,Dominica,m^3/year,2005,234.5
total-water-withdrawal-per-capita,Dominica,m^3/year,2010,279
total-water-withdrawal-per-capita,Dominican Republic,m^3/year,2000,550.8
total-water-withdrawal-per-capita,Dominican Republic,m^3/year,2005,575.5
total-water-withdrawal-per-capita,Dominican Republic,m^3/year,2010,704.7
total-water-withdrawal-per-capita,East Timor,m^3/year,2005,1148
total-water-withdrawal-per-capita,Ecuador,m^3/year,2000,716.7
total-water-withdrawal-per-capita,Ecuador,m^3/year,2005,698.2
total-water-withdrawal-per-capita,Egypt,m^3/year,1975,1194
total-water-withdrawal-per-capita,Egypt,m^3/year,1995,909.1
total-water-withdrawal-per-capita,Egypt,m^3/year,2000,963.2
total-water-withdrawal-per-capita,Egypt,m^3/year,2010,910.6
total-water-withdrawal-per-capita,El Salvador,m^3/year,1990,135.2
total-water-withdrawal-per-capita,El Salvador,m^3/year,2000,234.3
total-water-withdrawal-per-capita,El Salvador,m^3/year,2005,353.8
total-water-withdrawal-per-capita,Equatorial Guinea,m^3/year,1985,29.13
total-water-withdrawal-per-capita,Equatorial Guinea,m^3/year,2000,30.65
total-water-withdrawal-per-capita,Eritrea,m^3/year,2000,109.1
total-water-withdrawal-per-capita,Eritrea,m^3/year,2005,132.1
total-water-withdrawal-per-capita,Estonia,m^3/year,1990,1729
total-water-withdrawal-per-capita,Estonia,m^3/year,1995,963.1
total-water-withdrawal-per-capita,Estonia,m^3/year,2000,1022
total-water-withdrawal-per-capita,Estonia,m^3/year,2005,1365
total-water-withdrawal-per-capita,Estonia,m^3/year,2010,1232
total-water-withdrawal-per-capita,Estonia,m^3/year,2015,1310
total-water-withdrawal-per-capita,Eswatini,m^3/year,1980,1028
total-water-withdrawal-per-capita,Eswatini,m^3/year,2000,963
total-water-withdrawal-per-capita,Ethiopia,m^3/year,2000,78.96
total-water-withdrawal-per-capita,Ethiopia,m^3/year,2005,97.18
total-water-withdrawal-per-capita,Ethiopia,m^3/year,2015,106.1
total-water-withdrawal-per-capita,Fiji,m^3/year,1985,41.57
total-water-withdrawal-per-capita,Fiji,m^3/year,2000,100.2
total-water-withdrawal-per-capita,Fiji,m^3/year,2005,101.7
total-water-withdrawal-per-capita,Finland,m^3/year,1970,710.4
total-water-withdrawal-per-capita,Finland,m^3/year,1975,749.1
total-water-withdrawal-per-capita,Finland,m^3/year,1980,766.7
total-water-withdrawal-per-capita,Finland,m^3/year,1985,810.2
total-water-withdrawal-per-capita,Finland,m^3/year,1990,466.1
total-water-withdrawal-per-capita,Finland,m^3/year,1995,503
total-water-withdrawal-per-capita,Finland,m^3/year,2000,447.6
total-water-withdrawal-per-capita,Finland,m^3/year,2005,1241
total-water-withdrawal-per-capita,France,m^3/year,1980,568
total-water-withdrawal-per-capita,France,m^3/year,1985,623
total-water-withdrawal-per-capita,France,m^3/year,1990,682.1
total-water-withdrawal-per-capita,France,m^3/year,1995,517.3
total-water-withdrawal-per-capita,France,m^3/year,2000,538.8
total-water-withdrawal-per-capita,France,m^3/year,2005,506.9
total-water-withdrawal-per-capita,France,m^3/year,2010,475.6
total-water-withdrawal-per-capita,Gabon,m^3/year,1985,68.42
total-water-withdrawal-per-capita,Gabon,m^3/year,2000,93.33
total-water-withdrawal-per-capita,Gabon,m^3/year,2005,96.53
total-water-withdrawal-per-capita,Gambia,m^3/year,1980,30.85
total-water-withdrawal-per-capita,Gambia,m^3/year,2000,69.19
total-water-withdrawal-per-capita,Georgia,m^3/year,2005,413.4
total-water-withdrawal-per-capita,Georgia,m^3/year,2010,440.4
total-water-withdrawal-per-capita,Germany,m^3/year,1990,577.8
total-water-withdrawal-per-capita,Germany,m^3/year,1995,551.3
total-water-withdrawal-per-capita,Germany,m^3/year,2000,479.2
total-water-withdrawal-per-capita,Germany,m^3/year,2005,399.5
total-water-withdrawal-per-capita,Germany,m^3/year,2010,410.5
total-water-withdrawal-per-capita,Ghana,m^3/year,1970,33.03
total-water-withdrawal-per-capita,Ghana,m^3/year,2000,49.63
total-water-withdrawal-per-capita,Greece,m^3/year,1970,480.4
total-water-withdrawal-per-capita,Greece,m^3/year,1975,462
total-water-withdrawal-per-capita,Greece,m^3/year,1980,515.8
total-water-withdrawal-per-capita,Greece,m^3/year,1985,550.7
total-water-withdrawal-per-capita,Greece,m^3/year,1990,778.8
total-water-withdrawal-per-capita,Greece,m^3/year,1995,805.2
total-water-withdrawal-per-capita,Greece,m^3/year,2000,840.9
total-water-withdrawal-per-capita,Greece,m^3/year,2005,865.2
total-water-withdrawal-per-capita,Grenada,m^3/year,2005,96.53
total-water-withdrawal-per-capita,Grenada,m^3/year,2015,132
total-water-withdrawal-per-capita,Guatemala,m^3/year,2005,240.9
total-water-withdrawal-per-capita,Guinea,m^3/year,1985,137.7
total-water-withdrawal-per-capita,Guinea,m^3/year,2000,60.71
total-water-withdrawal-per-capita,Guinea-Bissau,m^3/year,1990,15.02
total-water-withdrawal-per-capita,Guinea-Bissau,m^3/year,1995,141.8
total-water-withdrawal-per-capita,Guinea-Bissau,m^3/year,2000,127.6
total-water-withdrawal-per-capita,Guyana,m^3/year,1990,2035
total-water-withdrawal-per-capita,Guyana,m^3/year,2000,2207
total-water-withdrawal-per-capita,Guyana,m^3/year,2010,1905
total-water-withdrawal-per-capita,Haiti,m^3/year,1990,132.7
total-water-withdrawal-per-capita,Haiti,m^3/year,1995,158.4
total-water-withdrawal-per-capita,Haiti,m^3/year,2010,140.9
total-water-withdrawal-per-capita,Honduras,m^3/year,2005,225.3
total-water-withdrawal-per-capita,Hungary,m^3/year,1970,286.1
total-water-withdrawal-per-capita,Hungary,m^3/year,1975,372.3
total-water-withdrawal-per-capita,Hungary,m^3/year,1980,448.2
total-water-withdrawal-per-capita,Hungary,m^3/year,1985,605.9
total-water-withdrawal-per-capita,Hungary,m^3/year,1990,688.6
total-water-withdrawal-per-capita,Hungary,m^3/year,1995,582.9
total-water-withdrawal-per-capita,Hungary,m^3/year,2000,562.5
total-water-withdrawal-per-capita,Hungary,m^3/year,2005,554.8
total-water-withdrawal-per-capita,Hungary,m^3/year,2010,507.2
total-water-withdrawal-per-capita,Iceland,m^3/year,1980,463.3
total-water-withdrawal-per-capita,Iceland,m^3/year,1985,453.6
total-water-withdrawal-per-capita,Iceland,m^3/year,1990,642.6
total-water-withdrawal-per-capita,Iceland,m^3/year,2000,575.1
total-water-withdrawal-per-capita,Iceland,m^3/year,2005,540.3
total-water-withdrawal-per-capita,Iceland,m^3/year,2010,11042
total-water-withdrawal-per-capita,Iceland,m^3/year,2015,844.9
total-water-withdrawal-per-capita,India,m^3/year,1975,583.8
total-water-withdrawal-per-capita,India,m^3/year,1980,600.2
total-water-withdrawal-per-capita,India,m^3/year,1985,608.6
total-water-withdrawal-per-capita,India,m^3/year,1990,551.6
total-water-withdrawal-per-capita,India,m^3/year,2000,559.9
total-water-withdrawal-per-capita,India,m^3/year,2010,602.3
total-water-withdrawal-per-capita,Indonesia,m^3/year,1990,395.9
total-water-withdrawal-per-capita,Indonesia,m^3/year,2000,521.2
total-water-withdrawal-per-capita,Iran,m^3/year,1975,1293
total-water-withdrawal-per-capita,Iran,m^3/year,1995,1330
total-water-withdrawal-per-capita,Iran,m^3/year,2000,1325
total-water-withdrawal-per-capita,Iran,m^3/year,2005,1301
total-water-withdrawal-per-capita,Iraq,m^3/year,1975,3255
total-water-withdrawal-per-capita,Iraq,m^3/year,1980,2826
total-water-withdrawal-per-capita,Iraq,m^3/year,1985,2517
total-water-withdrawal-per-capita,Iraq,m^3/year,1990,2317
total-water-withdrawal-per-capita,Iraq,m^3/year,1995,2528
total-water-withdrawal-per-capita,Iraq,m^3/year,2000,2646
total-water-withdrawal-per-capita,Ireland,m^3/year,1980,305.6
total-water-withdrawal-per-capita,Ireland,m^3/year,1995,317.3
total-water-withdrawal-per-capita,Ireland,m^3/year,2005,166.3
total-water-withdrawal-per-capita,Ireland,m^3/year,2010,162.2
total-water-withdrawal-per-capita,Israel,m^3/year,1970,515.5
total-water-withdrawal-per-capita,Israel,m^3/year,1975,464.4
total-water-withdrawal-per-capita,Israel,m^3/year,1980,437.7
total-water-withdrawal-per-capita,Israel,m^3/year,1985,450.7
total-water-withdrawal-per-capita,Israel,m^3/year,1990,375.3
total-water-withdrawal-per-capita,Israel,m^3/year,1995,321.8
total-water-withdrawal-per-capita,Israel,m^3/year,2000,293.4
total-water-withdrawal-per-capita,Israel,m^3/year,2005,282.3
total-water-withdrawal-per-capita,Italy,m^3/year,1970,766.7
total-water-withdrawal-per-capita,Italy,m^3/year,2000,787.6
total-water-withdrawal-per-capita,Italy,m^3/year,2010,899.8
total-water-withdrawal-per-capita,Jamaica,m^3/year,1995,366.1
total-water-withdrawal-per-capita,Jamaica,m^3/year,2005,300.2
total-water-withdrawal-per-capita,Japan,m^3/year,1980,749.3
total-water-withdrawal-per-capita,Japan,m^3/year,1990,742
total-water-withdrawal-per-capita,Japan,m^3/year,1995,713.6
total-water-withdrawal-per-capita,Japan,m^3/year,2000,670.5
total-water-withdrawal-per-capita,Japan,m^3/year,2005,652.1
total-water-withdrawal-per-capita,Japan,m^3/year,2010,640.6
total-water-withdrawal-per-capita,Jordan,m^3/year,1975,215.6
total-water-withdrawal-per-capita,Jordan,m^3/year,1980,217.2
total-water-withdrawal-per-capita,Jordan,m^3/year,1985,207.6
total-water-withdrawal-per-capita,Jordan,m^3/year,1990,262.8
total-water-withdrawal-per-capita,Jordan,m^3/year,2000,162.6
total-water-withdrawal-per-capita,Jordan,m^3/year,2005,161.8
total-water-withdrawal-per-capita,Jordan,m^3/year,2010,121.4
total-water-withdrawal-per-capita,Jordan,m^3/year,2015,145.4
total-water-withdrawal-per-capita,Kazakhstan,m^3/year,1995,2177
total-water-withdrawal-per-capita,Kazakhstan,m^3/year,2000,1312
total-water-withdrawal-per-capita,Kazakhstan,m^3/year,2005,1315
total-water-withdrawal-per-capita,Kazakhstan,m^3/year,2010,1257
total-water-withdrawal-per-capita,Kenya,m^3/year,1990,81.86
total-water-withdrawal-per-capita,Kenya,m^3/year,2005,62.28
total-water-withdrawal-per-capita,Kenya,m^3/year,2010,75.64
total-water-withdrawal-per-capita,Kuwait,m^3/year,1995,319.1
total-water-withdrawal-per-capita,Kuwait,m^3/year,2000,447.2
total-water-withdrawal-per-capita,Kyrgyzstan,m^3/year,1995,2131
total-water-withdrawal-per-capita,Kyrgyzstan,m^3/year,2000,2005
total-water-withdrawal-per-capita,Kyrgyzstan,m^3/year,2005,1531
total-water-withdrawal-per-capita,Laos,m^3/year,2005,588
total-water-withdrawal-per-capita,Latvia,m^3/year,1995,171.7
total-water-withdrawal-per-capita,Latvia,m^3/year,2000,110.6
total-water-withdrawal-per-capita,Latvia,m^3/year,2005,100.5
total-water-withdrawal-per-capita,Latvia,m^3/year,2010,127.7
total-water-withdrawal-per-capita,Latvia,m^3/year,2015,125.8
total-water-withdrawal-per-capita,Lebanon,m^3/year,1975,288.2
total-water-withdrawal-per-capita,Lebanon,m^3/year,1995,418
total-water-withdrawal-per-capita,Lebanon,m^3/year,2000,406.8
total-water-withdrawal-per-capita,Lebanon,m^3/year,2005,320.7
total-water-withdrawal-per-capita,Lesotho,m^3/year,1985,32.89
total-water-withdrawal-per-capita,Lesotho,m^3/year,2000,23.24
total-water-withdrawal-per-capita,Liberia,m^3/year,1985,59.2
total-water-withdrawal-per-capita,Liberia,m^3/year,2000,42.59
total-water-withdrawal-per-capita,Libya,m^3/year,1975,422.5
total-water-withdrawal-per-capita,Libya,m^3/year,1980,426.1
total-water-withdrawal-per-capita,Libya,m^3/year,1985,764
total-water-withdrawal-per-capita,Libya,m^3/year,1990,1035
total-water-withdrawal-per-capita,Libya,m^3/year,1995,908.7
total-water-withdrawal-per-capita,Libya,m^3/year,2000,784
total-water-withdrawal-per-capita,Libya,m^3/year,2005,809.1
total-water-withdrawal-per-capita,Libya,m^3/year,2010,927.9
total-water-withdrawal-per-capita,Lithuania,m^3/year,1995,1218
total-water-withdrawal-per-capita,Lithuania,m^3/year,2000,806.3
total-water-withdrawal-per-capita,Lithuania,m^3/year,2005,695.2
total-water-withdrawal-per-capita,Lithuania,m^3/year,2010,209.4
total-water-withdrawal-per-capita,Luxembourg,m^3/year,1970,84.92
total-water-withdrawal-per-capita,Luxembourg,m^3/year,1975,102.6
total-water-withdrawal-per-capita,Luxembourg,m^3/year,1980,95.2
total-water-withdrawal-per-capita,Luxembourg,m^3/year,1985,159.9
total-water-withdrawal-per-capita,Luxembourg,m^3/year,1995,130.5
total-water-withdrawal-per-capita,Luxembourg,m^3/year,2000,136.4
total-water-withdrawal-per-capita,Luxembourg,m^3/year,2010,83.57
total-water-withdrawal-per-capita,Luxembourg,m^3/year,2015,76
total-water-withdrawal-per-capita,Madagascar,m^3/year,1985,1543
total-water-withdrawal-per-capita,Madagascar,m^3/year,2000,798.9
total-water-withdrawal-per-capita,Madagascar,m^3/year,2005,700
total-water-withdrawal-per-capita,Malawi,m^3/year,1995,91.23
total-water-withdrawal-per-capita,Malawi,m^3/year,2000,112.4
total-water-withdrawal-per-capita,Malawi,m^3/year,2005,100.5
total-water-withdrawal-per-capita,Malaysia,m^3/year,1990,526.9
total-water-withdrawal-per-capita,Malaysia,m^3/year,1995,251.7
total-water-withdrawal-per-capita,Malaysia,m^3/year,2000,381.3
total-water-withdrawal-per-capita,Malaysia,m^3/year,2005,419
total-water-withdrawal-per-capita,Maldives,m^3/year,1985,16.74
total-water-withdrawal-per-capita,Maldives,m^3/year,2010,17.11
total-water-withdrawal-per-capita,Mali,m^3/year,1985,168.5
total-water-withdrawal-per-capita,Mali,m^3/year,2005,376.9
total-water-withdrawal-per-capita,Malta,m^3/year,1980,61.16
total-water-withdrawal-per-capita,Malta,m^3/year,1995,147.8
total-water-withdrawal-per-capita,Malta,m^3/year,2000,137.5
total-water-withdrawal-per-capita,Malta,m^3/year,2005,138.2
total-water-withdrawal-per-capita,Malta,m^3/year,2010,96.01
total-water-withdrawal-per-capita,Malta,m^3/year,2015,108.2
total-water-withdrawal-per-capita,Mauritania,m^3/year,1980,449.5
total-water-withdrawal-per-capita,Mauritania,m^3/year,2000,554.9
total-water-withdrawal-per-capita,Mauritania,m^3/year,2005,405.6
total-water-withdrawal-per-capita,Mauritius,m^3/year,1975,390.3
total-water-withdrawal-per-capita,Mauritius,m^3/year,1990,522.6
total-water-withdrawal-per-capita,Mauritius,m^3/year,1995,532.9
total-water-withdrawal-per-capita,Mauritius,m^3/year,2000,507.5
total-water-withdrawal-per-capita,Mauritius,m^3/year,2005,588
total-water-withdrawal-per-capita,Mexico,m^3/year,1980,771.9
total-water-withdrawal-per-capita,Mexico,m^3/year,2000,687.6
total-water-withdrawal-per-capita,Mexico,m^3/year,2005,697.8
total-water-withdrawal-per-capita,Mexico,m^3/year,2010,677.7
total-water-withdrawal-per-capita,Mexico,m^3/year,2015,674.4
total-water-withdrawal-per-capita,Moldova,m^3/year,1990,448.7
total-water-withdrawal-per-capita,Moldova,m^3/year,2005,258
total-water-withdrawal-per-capita,Monaco,m^3/year,1990,224.4
total-water-withdrawal-per-capita,Monaco,m^3/year,1995,192.1
total-water-withdrawal-per-capita,Monaco,m^3/year,2000,177.6
total-water-withdrawal-per-capita,Monaco,m^3/year,2005,156.9
total-water-withdrawal-per-capita,Monaco,m^3/year,2010,133.7
total-water-withdrawal-per-capita,Mongolia,m^3/year,1995,183.2
total-water-withdrawal-per-capita,Mongolia,m^3/year,2005,208.3
total-water-withdrawal-per-capita,Mongolia,m^3/year,2010,196.2
total-water-withdrawal-per-capita,Montenegro,m^3/year,2010,257.9
total-water-withdrawal-per-capita,Morocco,m^3/year,1975,481.6
total-water-withdrawal-per-capita,Morocco,m^3/year,1980,477
total-water-withdrawal-per-capita,Morocco,m^3/year,1985,466.9
total-water-withdrawal-per-capita,Morocco,m^3/year,1990,426.8
total-water-withdrawal-per-capita,Morocco,m^3/year,1995,403.1
total-water-withdrawal-per-capita,Morocco,m^3/year,2000,501.8
total-water-withdrawal-per-capita,Morocco,m^3/year,2010,316.2
total-water-withdrawal-per-capita,Mozambique,m^3/year,1990,42.59
total-water-withdrawal-per-capita,Mozambique,m^3/year,2000,45.7
total-water-withdrawal-per-capita,Mozambique,m^3/year,2015,52.65
total-water-withdrawal-per-capita,Myanmar,m^3/year,1985,706.4
total-water-withdrawal-per-capita,Myanmar,m^3/year,2000,682.5
total-water-withdrawal-per-capita,Namibia,m^3/year,1985,112.3
total-water-withdrawal-per-capita,Namibia,m^3/year,1990,164.5
total-water-withdrawal-per-capita,Namibia,m^3/year,1995,155.3
total-water-withdrawal-per-capita,Namibia,m^3/year,2000,147.1
total-water-withdrawal-per-capita,Nepal,m^3/year,2000,390
total-water-withdrawal-per-capita,Nepal,m^3/year,2005,364.4
total-water-withdrawal-per-capita,Netherlands,m^3/year,1980,645.2
total-water-withdrawal-per-capita,Netherlands,m^3/year,1985,638.8
total-water-withdrawal-per-capita,Netherlands,m^3/year,1990,527.7
total-water-withdrawal-per-capita,Netherlands,m^3/year,1995,416.2
total-water-withdrawal-per-capita,Netherlands,m^3/year,2000,554.5
total-water-withdrawal-per-capita,Netherlands,m^3/year,2005,665.1
total-water-withdrawal-per-capita,Netherlands,m^3/year,2010,640
total-water-withdrawal-per-capita,New Zealand,m^3/year,1980,376.3
total-water-withdrawal-per-capita,New Zealand,m^3/year,1985,574
total-water-withdrawal-per-capita,New Zealand,m^3/year,2000,792.5
total-water-withdrawal-per-capita,New Zealand,m^3/year,2005,1158
total-water-withdrawal-per-capita,New Zealand,m^3/year,2010,1172
total-water-withdrawal-per-capita,Nicaragua,m^3/year,2000,268.4
total-water-withdrawal-per-capita,Nicaragua,m^3/year,2010,262.9
total-water-withdrawal-per-capita,Niger,m^3/year,1990,59.23
total-water-withdrawal-per-capita,Niger,m^3/year,2005,67.7
total-water-withdrawal-per-capita,Nigeria,m^3/year,1985,63.23
total-water-withdrawal-per-capita,Nigeria,m^3/year,2000,79.77
total-water-withdrawal-per-capita,Nigeria,m^3/year,2005,78.63
total-water-withdrawal-per-capita,Nigeria,m^3/year,2010,74.12
total-water-withdrawal-per-capita,North Korea,m^3/year,2005,359.1
total-water-withdrawal-per-capita,North Macedonia,m^3/year,1995,789.7
total-water-withdrawal-per-capita,North Macedonia,m^3/year,2000,312.1
total-water-withdrawal-per-capita,North Macedonia,m^3/year,2005,268.7
total-water-withdrawal-per-capita,Norway,m^3/year,1980,486.9
total-water-withdrawal-per-capita,Norway,m^3/year,1995,548.4
total-water-withdrawal-per-capita,Norway,m^3/year,2000,528.8
total-water-withdrawal-per-capita,Norway,m^3/year,2005,641.5
total-water-withdrawal-per-capita,Oman,m^3/year,1990,617.7
total-water-withdrawal-per-capita,Oman,m^3/year,2000,585.4
total-water-withdrawal-per-capita,Oman,m^3/year,2005,509.3
total-water-withdrawal-per-capita,Pakistan,m^3/year,1975,2162
total-water-withdrawal-per-capita,Pakistan,m^3/year,1990,1370
total-water-withdrawal-per-capita,Pakistan,m^3/year,2000,1196
total-water-withdrawal-per-capita,Pakistan,m^3/year,2010,1034
total-water-withdrawal-per-capita,Palestine,m^3/year,2000,82.52
total-water-withdrawal-per-capita,Palestine,m^3/year,2005,111.3
total-water-withdrawal-per-capita,Panama,m^3/year,2010,277
total-water-withdrawal-per-capita,Papua New Guinea,m^3/year,2000,48.01
total-water-withdrawal-per-capita,Papua New Guinea,m^3/year,2005,61.39
total-water-withdrawal-per-capita,Paraguay,m^3/year,1985,110.7
total-water-withdrawal-per-capita,Paraguay,m^3/year,2000,88.95
total-water-withdrawal-per-capita,Paraguay,m^3/year,2010,378.3
total-water-withdrawal-per-capita,Peru,m^3/year,2010,452.9
total-water-withdrawal-per-capita,Philippines,m^3/year,2005,886.9
total-water-withdrawal-per-capita,Philippines,m^3/year,2010,849.4
total-water-withdrawal-per-capita,Poland,m^3/year,1970,303.3
total-water-withdrawal-per-capita,Poland,m^3/year,1975,389
total-water-withdrawal-per-capita,Poland,m^3/year,1980,414.3
total-water-withdrawal-per-capita,Poland,m^3/year,1985,433.4
total-water-withdrawal-per-capita,Poland,m^3/year,1990,348.7
total-water-withdrawal-per-capita,Poland,m^3/year,1995,331.8
total-water-withdrawal-per-capita,Poland,m^3/year,2000,305
total-water-withdrawal-per-capita,Poland,m^3/year,2005,312.5
total-water-withdrawal-per-capita,Poland,m^3/year,2010,297.3
total-water-withdrawal-per-capita,Portugal,m^3/year,1990,864.9
total-water-withdrawal-per-capita,Portugal,m^3/year,2000,1075
total-water-withdrawal-per-capita,Portugal,m^3/year,2005,867.3
total-water-withdrawal-per-capita,Puerto Rico,m^3/year,1990,1174
total-water-withdrawal-per-capita,Puerto Rico,m^3/year,2000,1023
total-water-withdrawal-per-capita,Puerto Rico,m^3/year,2005,1113
total-water-withdrawal-per-capita,Puerto Rico,m^3/year,2010,1124
total-water-withdrawal-per-capita,Qatar,m^3/year,1975,822.4
total-water-withdrawal-per-capita,Qatar,m^3/year,1995,539.4
total-water-withdrawal-per-capita,Qatar,m^3/year,2000,463.3
total-water-withdrawal-per-capita,Qatar,m^3/year,2005,376.6
total-water-withdrawal-per-capita,Romania,m^3/year,1970,456.4
total-water-withdrawal-per-capita,Romania,m^3/year,1975,652.1
total-water-withdrawal-per-capita,Romania,m^3/year,1980,823
total-water-withdrawal-per-capita,Romania,m^3/year,1985,879.4
total-water-withdrawal-per-capita,Romania,m^3/year,1990,873.2
total-water-withdrawal-per-capita,Romania,m^3/year,1995,550.5
total-water-withdrawal-per-capita,Romania,m^3/year,2000,422
total-water-withdrawal-per-capita,Romania,m^3/year,2005,328.1
total-water-withdrawal-per-capita,Romania,m^3/year,2010,325
total-water-withdrawal-per-capita,Romania,m^3/year,2015,328.9
total-water-withdrawal-per-capita,Russia,m^3/year,1995,521.7
total-water-withdrawal-per-capita,Russia,m^3/year,2000,455.9
total-water-withdrawal-per-capita,Russia,m^3/year,2015,425.2
total-water-withdrawal-per-capita,Rwanda,m^3/year,2000,17.57
total-water-withdrawal-per-capita,Saint Kitts and Nevis,m^3/year,2010,290.8
total-water-withdrawal-per-capita,Saint Lucia,m^3/year,2005,252.1
total-water-withdrawal-per-capita,Saint Vincent and the Grenadines,m^3/year,1995,92.59
total-water-withdrawal-per-capita,Saint Vincent and the Grenadines,m^3/year,2015,77.63
total-water-withdrawal-per-capita,Sao Tome and Principe,m^3/year,1995,53.8
total-water-withdrawal-per-capita,Saudi Arabia,m^3/year,1990,978.2
total-water-withdrawal-per-capita,Saudi Arabia,m^3/year,2005,907.5
total-water-withdrawal-per-capita,Senegal,m^3/year,1985,198.6
total-water-withdrawal-per-capita,Senegal,m^3/year,2000,213.8
total-water-withdrawal-per-capita,Serbia,m^3/year,2005,433.5
total-water-withdrawal-per-capita,Serbia,m^3/year,2010,430.7
total-water-withdrawal-per-capita,Serbia,m^3/year,2015,468.9
total-water-withdrawal-per-capita,Seychelles,m^3/year,1990,163.7
total-water-withdrawal-per-capita,Seychelles,m^3/year,2005,150.8
total-water-withdrawal-per-capita,Sierra Leone,m^3/year,1985,100.5
total-water-withdrawal-per-capita,Sierra Leone,m^3/year,2000,42.72
total-water-withdrawal-per-capita,Sierra Leone,m^3/year,2005,39.36
total-water-withdrawal-per-capita,Singapore,m^3/year,1975,81.97
total-water-withdrawal-per-capita,Slovakia,m^3/year,1995,243.6
total-water-withdrawal-per-capita,Slovakia,m^3/year,2000,203.2
total-water-withdrawal-per-capita,Slovakia,m^3/year,2005,127.6
total-water-withdrawal-per-capita,Slovakia,m^3/year,2010,122.8
total-water-withdrawal-per-capita,Slovakia,m^3/year,2015,103.1
total-water-withdrawal-per-capita,Slovenia,m^3/year,2000,452.3
total-water-withdrawal-per-capita,Slovenia,m^3/year,2005,463.5
total-water-withdrawal-per-capita,Slovenia,m^3/year,2010,449.9
total-water-withdrawal-per-capita,Slovenia,m^3/year,2015,559
total-water-withdrawal-per-capita,Somalia,m^3/year,1985,131.9
total-water-withdrawal-per-capita,Somalia,m^3/year,2000,420.3
total-water-withdrawal-per-capita,Somalia,m^3/year,2005,370.2
total-water-withdrawal-per-capita,South Africa,m^3/year,1990,344.4
total-water-withdrawal-per-capita,South Africa,m^3/year,1995,300.5
total-water-withdrawal-per-capita,South Africa,m^3/year,2000,276.4
total-water-withdrawal-per-capita,South Africa,m^3/year,2015,284.5
total-water-withdrawal-per-capita,South Korea,m^3/year,1990,470.6
total-water-withdrawal-per-capita,South Korea,m^3/year,1995,561.8
total-water-withdrawal-per-capita,South Korea,m^3/year,2000,623.5
total-water-withdrawal-per-capita,South Korea,m^3/year,2005,605.7
total-water-withdrawal-per-capita,South Sudan,m^3/year,2010,59.92
total-water-withdrawal-per-capita,Spain,m^3/year,1975,983.5
total-water-withdrawal-per-capita,Spain,m^3/year,1980,1045
total-water-withdrawal-per-capita,Spain,m^3/year,1985,1177
total-water-withdrawal-per-capita,Spain,m^3/year,1990,936.6
total-water-withdrawal-per-capita,Spain,m^3/year,1995,865.1
total-water-withdrawal-per-capita,Spain,m^3/year,2000,859.5
total-water-withdrawal-per-capita,Spain,m^3/year,2005,786.8
total-water-withdrawal-per-capita,Spain,m^3/year,2010,800.9
total-water-withdrawal-per-capita,Sri Lanka,m^3/year,1990,550.6
total-water-withdrawal-per-capita,Sri Lanka,m^3/year,2000,682.5
total-water-withdrawal-per-capita,Sri Lanka,m^3/year,2005,653.6
total-water-withdrawal-per-capita,Sudan,m^3/year,2010,714.1
total-water-withdrawal-per-capita,Suriname,m^3/year,1985,1198
total-water-withdrawal-per-capita,Suriname,m^3/year,2000,1378
total-water-withdrawal-per-capita,Suriname,m^3/year,2005,1229
total-water-withdrawal-per-capita,Sweden,m^3/year,1970,501.5
total-water-withdrawal-per-capita,Sweden,m^3/year,1975,501.5
total-water-withdrawal-per-capita,Sweden,m^3/year,1980,493.3
total-water-withdrawal-per-capita,Sweden,m^3/year,1985,353
total-water-withdrawal-per-capita,Sweden,m^3/year,1990,342.6
total-water-withdrawal-per-capita,Sweden,m^3/year,1995,306
total-water-withdrawal-per-capita,Sweden,m^3/year,2000,300.3
total-water-withdrawal-per-capita,Sweden,m^3/year,2005,287.3
total-water-withdrawal-per-capita,Sweden,m^3/year,2010,281.8
total-water-withdrawal-per-capita,Switzerland,m^3/year,1975,409.7
total-water-withdrawal-per-capita,Switzerland,m^3/year,1980,408.3
total-water-withdrawal-per-capita,Switzerland,m^3/year,1985,405.1
total-water-withdrawal-per-capita,Switzerland,m^3/year,1990,395.5
total-water-withdrawal-per-capita,Switzerland,m^3/year,1995,360.9
total-water-withdrawal-per-capita,Switzerland,m^3/year,2000,347.7
total-water-withdrawal-per-capita,Switzerland,m^3/year,2010,249.9
total-water-withdrawal-per-capita,Syria,m^3/year,1975,413
total-water-withdrawal-per-capita,Syria,m^3/year,1995,952.3
total-water-withdrawal-per-capita,Syria,m^3/year,2000,962.5
total-water-withdrawal-per-capita,Syria,m^3/year,2005,862.8
total-water-withdrawal-per-capita,Tajikistan,m^3/year,1995,1999
total-water-withdrawal-per-capita,Tajikistan,m^3/year,2000,1867
total-water-withdrawal-per-capita,Tajikistan,m^3/year,2005,1619
total-water-withdrawal-per-capita,Tanzania,m^3/year,2000,144.6
total-water-withdrawal-per-capita,Thailand,m^3/year,2005,863.7
total-water-withdrawal-per-capita,Togo,m^3/year,1985,26.21
total-water-withdrawal-per-capita,Togo,m^3/year,2000,32.87
total-water-withdrawal-per-capita,Trinidad and Tobago,m^3/year,1995,235.5
total-water-withdrawal-per-capita,Trinidad and Tobago,m^3/year,2000,245.7
total-water-withdrawal-per-capita,Trinidad and Tobago,m^3/year,2005,263.6
total-water-withdrawal-per-capita,Trinidad and Tobago,m^3/year,2010,285.5
total-water-withdrawal-per-capita,Tunisia,m^3/year,1975,180.9
total-water-withdrawal-per-capita,Tunisia,m^3/year,1980,282.2
total-water-withdrawal-per-capita,Tunisia,m^3/year,1985,299
total-water-withdrawal-per-capita,Tunisia,m^3/year,1990,357.4
total-water-withdrawal-per-capita,Tunisia,m^3/year,1995,304.5
total-water-withdrawal-per-capita,Tunisia,m^3/year,2000,288.9
total-water-withdrawal-per-capita,Tunisia,m^3/year,2010,303.7
total-water-withdrawal-per-capita,Turkey,m^3/year,1990,566.2
total-water-withdrawal-per-capita,Turkey,m^3/year,2000,644.9
total-water-withdrawal-per-capita,Turkey,m^3/year,2005,576.9
total-water-withdrawal-per-capita,Turkey,m^3/year,2010,561.3
total-water-withdrawal-per-capita,Turkmenistan,m^3/year,1995,5484
total-water-withdrawal-per-capita,Turkmenistan,m^3/year,2000,5415
total-water-withdrawal-per-capita,Turkmenistan,m^3/year,2005,5753
total-water-withdrawal-per-capita,Uganda,m^3/year,1970,20.02
total-water-withdrawal-per-capita,Uganda,m^3/year,2000,12.52
total-water-withdrawal-per-capita,Uganda,m^3/year,2010,17.99
total-water-withdrawal-per-capita,Ukraine,m^3/year,1990,506.7
total-water-withdrawal-per-capita,Ukraine,m^3/year,2000,381.7
total-water-withdrawal-per-capita,Ukraine,m^3/year,2005,326.1
total-water-withdrawal-per-capita,Ukraine,m^3/year,2010,327.7
total-water-withdrawal-per-capita,United Arab Emirates,m^3/year,1980,777.2
total-water-withdrawal-per-capita,United Arab Emirates,m^3/year,1995,812.3
total-water-withdrawal-per-capita,United Arab Emirates,m^3/year,2000,855.6
total-water-withdrawal-per-capita,United Arab Emirates,m^3/year,2005,665.2
total-water-withdrawal-per-capita,United Kingdom,m^3/year,1980,240.2
total-water-withdrawal-per-capita,United Kingdom,m^3/year,1985,203.5
total-water-withdrawal-per-capita,United Kingdom,m^3/year,1990,209.9
total-water-withdrawal-per-capita,United Kingdom,m^3/year,1995,208
total-water-withdrawal-per-capita,United Kingdom,m^3/year,2000,266.6
total-water-withdrawal-per-capita,United Kingdom,m^3/year,2005,139.2
total-water-withdrawal-per-capita,United Kingdom,m^3/year,2010,129.2
total-water-withdrawal-per-capita,United States,m^3/year,1980,2213
total-water-withdrawal-per-capita,United States,m^3/year,1990,2169
total-water-withdrawal-per-capita,United States,m^3/year,2000,1939
total-water-withdrawal-per-capita,United States,m^3/year,2005,1864
total-water-withdrawal-per-capita,United States,m^3/year,2010,1543
total-water-withdrawal-per-capita,Uruguay,m^3/year,1965,236.4
total-water-withdrawal-per-capita,Uruguay,m^3/year,2000,1100
total-water-withdrawal-per-capita,Uzbekistan,m^3/year,1995,2473
total-water-withdrawal-per-capita,Uzbekistan,m^3/year,2000,2415
total-water-withdrawal-per-capita,Uzbekistan,m^3/year,2005,2106
total-water-withdrawal-per-capita,Venezuela,m^3/year,1970,333.7
total-water-withdrawal-per-capita,Venezuela,m^3/year,2000,356.9
total-water-withdrawal-per-capita,Venezuela,m^3/year,2005,817.8
total-water-withdrawal-per-capita,Vietnam,m^3/year,1980,665
total-water-withdrawal-per-capita,Vietnam,m^3/year,1985,708.7
total-water-withdrawal-per-capita,Vietnam,m^3/year,2005,956.4
total-water-withdrawal-per-capita,Yemen,m^3/year,1990,221.4
total-water-withdrawal-per-capita,Yemen,m^3/year,2000,180.5
total-water-withdrawal-per-capita,Yemen,m^3/year,2005,164.3
total-water-withdrawal-per-capita,Zambia,m^3/year,1990,203.7
total-water-withdrawal-per-capita,Zambia,m^3/year,1995,174.7
total-water-withdrawal-per-capita,Zambia,m^3/year,2000,141.1